CO,NO,NO2,NOX,O3,SO2
0.49602665350444913,8.866486020445867,23.342406700332553,32.207291538366796,33.5373760488177,3.5109785505774846
