CO,O3,PM10,PM2.5,PMCO,SO2
0.7239889475006229,30.524341868012982,39.44294521344655,23.393646730276938,16.05932301965802,4.748252653378204
