CO,NO,NO2,NOX,O3,PM2.5,SO2
0.5891977954684638,13.855887828717748,26.27022729035767,40.12252734465915,31.721071816348633,20.70269808743164,3.550396640223985
