CO,NO,NO2,NOX,O3,PM10,SO2
0.5467571029343279,9.46322241681261,21.101926444833627,30.560945709281963,36.259643398205334,30.727839905826958,2.8284368513491938
