CO,NO,NO2,NOX,O3,PM10,SO2
0.9614693980779,20.91845979614949,31.075374355102554,52.000251667295835,28.35600148643627,32.939147819567665,5.029292107404394
