CO,O3,PM10,PM2.5,PMCO,SO2
0.33682466870539995,43.670997855430805,31.995595284363258,18.94636610959969,13.045860862806062,2.400486992182494
