CO,NO,NO2,NOX,O3,PM10,SO2
0.40762076207620745,6.231828101393319,17.2751384925298,23.47574282356891,33.934306569343065,38.73878364905284,2.093313859136644
